<?xml version="1.0" encoding="utf-8"?>
<annotations>
  <version>1.1</version>
  <meta>
    <task>
      <id>60930</id>
      <name>Rougail de saucisses malgache</name>
      <size>1</size>
      <mode>annotation</mode>
      <overlap>0</overlap>
      <bugtracker></bugtracker>
      <created>2023-01-01 02:38:28.347389+00:00</created>
      <updated>2023-01-01 02:41:07.593979+00:00</updated>
      <subset>default</subset>
      <start_frame>0</start_frame>
      <stop_frame>0</stop_frame>
      <frame_filter></frame_filter>
      <segments>
        <segment>
          <id>59351</id>
          <start>0</start>
          <stop>0</stop>
          <url>https://app.cvat.ai/api/jobs/59351</url>
        </segment>
      </segments>
      <owner>
        <username>tchaptche_itiel</username>
        <email>tchaptche.rudy@facsciences-uy1.cm</email>
      </owner>
      <assignee></assignee>
      <labels>
        <label>
          <name>rice</name>
          <color>#616ffb</color>
          <type>any</type>
          <attributes>
          </attributes>
        </label>
        <label>
          <name>sausage</name>
          <color>#4dcacf</color>
          <type>any</type>
          <attributes>
          </attributes>
        </label>
        <label>
          <name>tomato</name>
          <color>#102080</color>
          <type>any</type>
          <attributes>
          </attributes>
        </label>
      </labels>
    </task>
    <dumped>2023-01-01 02:41:28.813660+00:00</dumped>
  </meta>
  <image id="0" name="Rougail de saucisses malgache.jpg" width="650" height="488">
    <box label="rice" occluded="0" source="manual" xtl="315.09" ytl="89.00" xbr="649.69" ybr="437.96" z_order="0">
    </box>
    <box label="sausage" occluded="0" source="manual" xtl="18.63" ytl="149.45" xbr="310.32" ybr="438.76" z_order="0">
    </box>
    <box label="tomato" occluded="0" source="manual" xtl="51.22" ytl="55.67" xbr="215.74" ybr="143.89" z_order="0">
    </box>
  </image>
</annotations>
