<?xml version="1.0" encoding="utf-8"?>
<annotations>
  <version>1.1</version>
  <meta>
    <task>
      <id>60918</id>
      <name>Carri de poulet</name>
      <size>1</size>
      <mode>annotation</mode>
      <overlap>0</overlap>
      <bugtracker></bugtracker>
      <created>2023-01-01 00:59:53.787404+00:00</created>
      <updated>2023-01-01 01:02:20.194508+00:00</updated>
      <subset>default</subset>
      <start_frame>0</start_frame>
      <stop_frame>0</stop_frame>
      <frame_filter></frame_filter>
      <segments>
        <segment>
          <id>59339</id>
          <start>0</start>
          <stop>0</stop>
          <url>https://app.cvat.ai/api/jobs/59339</url>
        </segment>
      </segments>
      <owner>
        <username>tchaptche_itiel</username>
        <email>tchaptche.rudy@facsciences-uy1.cm</email>
      </owner>
      <assignee></assignee>
      <labels>
        <label>
          <name>rice</name>
          <color>#616ffb</color>
          <type>any</type>
          <attributes>
          </attributes>
        </label>
        <label>
          <name>meet</name>
          <color>#ba4d94</color>
          <type>any</type>
          <attributes>
          </attributes>
        </label>
        <label>
          <name>lettuce</name>
          <color>#68f926</color>
          <type>any</type>
          <attributes>
          </attributes>
        </label>
        <label>
          <name>beans</name>
          <color>#fcdcf6</color>
          <type>any</type>
          <attributes>
          </attributes>
        </label>
      </labels>
    </task>
    <dumped>2023-01-01 01:02:42.817068+00:00</dumped>
  </meta>
  <image id="0" name="Carri de poulet .jpg" width="650" height="488">
    <box label="rice" occluded="0" source="manual" xtl="431.92" ytl="180.45" xbr="650.00" ybr="317.15" z_order="0">
    </box>
    <box label="meet" occluded="0" source="manual" xtl="2.74" ytl="62.03" xbr="208.59" ybr="313.18" z_order="0">
    </box>
    <box label="lettuce" occluded="0" source="manual" xtl="233.22" ytl="54.08" xbr="590.88" ybr="162.97" z_order="0">
    </box>
    <box label="beans" occluded="0" source="manual" xtl="284.89" ytl="341.00" xbr="512.20" ybr="467.37" z_order="0">
    </box>
  </image>
</annotations>
