<?xml version="1.0" encoding="utf-8"?>
<annotations>
  <version>1.1</version>
  <meta>
    <task>
      <id>60956</id>
      <name>Krimasy gasy avec Sésaam</name>
      <size>1</size>
      <mode>annotation</mode>
      <overlap>0</overlap>
      <bugtracker></bugtracker>
      <created>2023-01-01 03:57:37.404848+00:00</created>
      <updated>2023-01-01 03:58:56.419354+00:00</updated>
      <subset>default</subset>
      <start_frame>0</start_frame>
      <stop_frame>0</stop_frame>
      <frame_filter></frame_filter>
      <segments>
        <segment>
          <id>59377</id>
          <start>0</start>
          <stop>0</stop>
          <url>https://app.cvat.ai/api/jobs/59377</url>
        </segment>
      </segments>
      <owner>
        <username>tchaptche_itiel</username>
        <email>tchaptche.rudy@facsciences-uy1.cm</email>
      </owner>
      <assignee></assignee>
      <labels>
        <label>
          <name>bread</name>
          <color>#608000</color>
          <type>any</type>
          <attributes>
          </attributes>
        </label>
        <label>
          <name>cream</name>
          <color>#406080</color>
          <type>any</type>
          <attributes>
          </attributes>
        </label>
      </labels>
    </task>
    <dumped>2023-01-01 03:59:10.975432+00:00</dumped>
  </meta>
  <image id="0" name="noel sesaam madagascar.jpg" width="429" height="640">
    <box label="bread" occluded="0" source="manual" xtl="1.37" ytl="47.97" xbr="191.08" ybr="567.06" z_order="0">
    </box>
    <box label="cream" occluded="0" source="manual" xtl="197.34" ytl="296.05" xbr="327.63" ybr="436.76" z_order="0">
    </box>
  </image>
</annotations>
