<?xml version="1.0" encoding="utf-8"?>
<annotations>
  <version>1.1</version>
  <meta>
    <task>
      <id>60955</id>
      <name>Gambas flambées au rhum arrangé</name>
      <size>1</size>
      <mode>annotation</mode>
      <overlap>0</overlap>
      <bugtracker></bugtracker>
      <created>2023-01-01 03:48:25.170377+00:00</created>
      <updated>2023-01-01 03:49:49.495853+00:00</updated>
      <subset>default</subset>
      <start_frame>0</start_frame>
      <stop_frame>0</stop_frame>
      <frame_filter></frame_filter>
      <segments>
        <segment>
          <id>59376</id>
          <start>0</start>
          <stop>0</stop>
          <url>https://app.cvat.ai/api/jobs/59376</url>
        </segment>
      </segments>
      <owner>
        <username>tchaptche_itiel</username>
        <email>tchaptche.rudy@facsciences-uy1.cm</email>
      </owner>
      <assignee></assignee>
      <labels>
        <label>
          <name>fish</name>
          <color>#e06080</color>
          <type>any</type>
          <attributes>
          </attributes>
        </label>
      </labels>
    </task>
    <dumped>2023-01-01 03:50:03.119298+00:00</dumped>
  </meta>
  <image id="0" name="Gambas flambées au rhum arrangé.jpg" width="650" height="488">
    <box label="fish" occluded="0" source="manual" xtl="19.43" ytl="18.31" xbr="639.36" ybr="443.53" z_order="0">
    </box>
  </image>
</annotations>
