<?xml version="1.0" encoding="utf-8"?>
<annotations>
  <version>1.1</version>
  <meta>
    <task>
      <id>60919</id>
      <name>Boeuf Braisé  de Madagascar</name>
      <size>1</size>
      <mode>annotation</mode>
      <overlap>0</overlap>
      <bugtracker></bugtracker>
      <created>2023-01-01 01:11:47.750981+00:00</created>
      <updated>2023-01-01 01:12:58.297040+00:00</updated>
      <subset>default</subset>
      <start_frame>0</start_frame>
      <stop_frame>0</stop_frame>
      <frame_filter></frame_filter>
      <segments>
        <segment>
          <id>59340</id>
          <start>0</start>
          <stop>0</stop>
          <url>https://app.cvat.ai/api/jobs/59340</url>
        </segment>
      </segments>
      <owner>
        <username>tchaptche_itiel</username>
        <email>tchaptche.rudy@facsciences-uy1.cm</email>
      </owner>
      <assignee></assignee>
      <labels>
        <label>
          <name>meet</name>
          <color>#ba4d94</color>
          <type>any</type>
          <attributes>
          </attributes>
        </label>
      </labels>
    </task>
    <dumped>2023-01-01 01:13:18.001326+00:00</dumped>
  </meta>
  <image id="0" name="Boeuf Braisé de Madagascar.jpg" width="650" height="488">
    <box label="meet" occluded="0" source="manual" xtl="99.30" ytl="40.57" xbr="545.18" ybr="412.53" z_order="0">
    </box>
  </image>
</annotations>
