<?xml version="1.0" encoding="utf-8"?>
<annotations>
  <version>1.1</version>
  <meta>
    <task>
      <id>60953</id>
      <name>Cari de crevettes</name>
      <size>1</size>
      <mode>annotation</mode>
      <overlap>0</overlap>
      <bugtracker></bugtracker>
      <created>2023-01-01 03:36:43.352565+00:00</created>
      <updated>2023-01-01 03:38:47.327345+00:00</updated>
      <subset>default</subset>
      <start_frame>0</start_frame>
      <stop_frame>0</stop_frame>
      <frame_filter></frame_filter>
      <segments>
        <segment>
          <id>59374</id>
          <start>0</start>
          <stop>0</stop>
          <url>https://app.cvat.ai/api/jobs/59374</url>
        </segment>
      </segments>
      <owner>
        <username>tchaptche_itiel</username>
        <email>tchaptche.rudy@facsciences-uy1.cm</email>
      </owner>
      <assignee></assignee>
      <labels>
        <label>
          <name>rice</name>
          <color>#616ffb</color>
          <type>any</type>
          <attributes>
          </attributes>
        </label>
        <label>
          <name>meet</name>
          <color>#ba4d94</color>
          <type>any</type>
          <attributes>
          </attributes>
        </label>
      </labels>
    </task>
    <dumped>2023-01-01 03:39:09.762451+00:00</dumped>
  </meta>
  <image id="0" name="images.jpg" width="800" height="600">
    <box label="rice" occluded="0" source="manual" xtl="166.45" ytl="89.93" xbr="357.00" ybr="530.65" z_order="0">
    </box>
    <box label="meet" occluded="0" source="manual" xtl="363.84" ytl="44.01" xbr="615.96" ybr="564.85" z_order="0">
    </box>
  </image>
</annotations>
